Name,Email,Mobile,District,Area,Address
Mohammad Wasim,wasim@aleshatech.net,1922002381,Dhaka,Azimpur,1111111111
Mohammad Wasim,wasim@aleshatech.net,1922002381,Bhola,Mirpur,1111111112
Mohammad Wasim,wasim@aleshatech.net,1922002381,Patuakhali,Mirpur 10,1111111113
Mohammad Ibrahim,wasim@aleshatech.net,1922002381,Dhaka,Banani,1111111114
MD Wasim,wasim@aleshatech.net,1922002381,Dhaka,Banani,1111111115
Mohammad Wasim,wasim@aleshatech.net,1922002381,Brahmanbaria,Banani,1111111116
Mohammad Wasim,wasim@aleshatech.net,1922002381,Dhaka,Banani,1111111117
Mohammad Wasim,wasim@aleshatech.net,1922002381,Dhaka,Banani,1111111118
Mohammad Wasim,wasim@aleshatech.net,1922002381,Dhaka,Wari,1111111119
Mohammad Wasim,wasim@aleshatech.net,1922002381,Dhaka,Banani,1111111120
Mohammad Wasim,wasim@aleshatech.net,1922002381,Dhaka,Banani,1111111121
Mohammad Wasim,wasim@aleshatech.net,1922002381,Dhaka,Banani,1111111122
